S.NO,SKU,Brand,Model Number,Category,Title,Online Price,Warranty,Description Raw,Specification Raw,Product Images,Description Images,Best Source,Best Source URL,Result,Sources Found,Source URLs,Source Types
1,Velvet 3 Taps Purple,ORIENT,Velvet 3 Taps Purple,Water Dispenser,UNKNOWN,UNKNOWN,1 Year Official Brand Warranty,UNKNOWN,UNKNOWN,UNKNOWN,UNKNOWN,UNKNOWN,UNKNOWN,source_unreachable,0,UNKNOWN,UNKNOWN
2,Table-Top Classic 115,PEL,Table-Top Classic 115,Water Dispenser,PEL Table-Top Classic 115 Water Dispenser,29500.00,1 Year Official Brand Warranty,"PEL Table-Top Classic 115 Water Dispenser
SPECIFICATION
Classic 115
Colour
White
Cold Tank Capacity
3.7 LTR
Hot Tank Capacity
1.2 LTR
Type
Compact and Elegant Design","SPECIFICATION: Classic 115
Colour: White
Cold Tank Capacity: 3.7 LTR
Hot Tank Capacity: 1.2 LTR
Type: Compact and Elegant Design",https://cdn.shopify.com/s/files/1/0631/4082/3189/files/TT1.png?v=1745403312,UNKNOWN,official,https://eshop.pel.com.pk/products/pel-table-top-classic-115-water-dispenser?_pos=1&_psq=Table-Top+Classic+115&_psid=019ae1c92&_ss=e,ok,2,https://eshop.pel.com.pk/products/pel-table-top-classic-115-water-dispenser?_pos=1&_psq=Table-Top+Classic+115&_psid=019ae1c92&_ss=e | https://surmawala.pk/products/pel-table-top-classic-115-water-dispenser?_pos=1&_psq=Table-Top+Classic+115&_psid=efc4e42f0&_ss=e,official | trusted_secondary
3,PWD-316 Premier,PEL,PWD-316 Premier,Water Dispenser,PEL PWD-316 Premier White Black Water Dispenser,37900.00,1 Year Official Brand Warranty,"Brand:
PEL
Model:
316 Premier
Type:
Sleek Design
Colour:
White
Cold Tank Capacity:
3.7 liters
Hot Tank Capacity:
1.2 liters
Refrigerator Volume:
18–20 liters
Refrigerant:
R134a, 40 grams
Cooling Power:
100 watts
Heating Power:
500 watts
Cooling Current:
0.6 amperes
Heating Current:
2.2 amperes
Voltage / Frequency:
220V / 50Hz
Net Weight:
17 kg
Gross Weight:
19 kg
Dimensions (WxDxH):
310 x 375 x 1190 mm",UNKNOWN,https://cdn.shopify.com/s/files/1/0650/4359/5418/files/Pel_Water_Dispenser_PWD-316.webp?v=1769421816,UNKNOWN,trusted_secondary,https://bismillahelectronics.pk/products/pel-water-dispenser-pwd-316-premier?_pos=1&_psq=PWD-316+Premier&_psid=d37a61580&_ss=e,ok,2,https://bismillahelectronics.pk/products/pel-water-dispenser-pwd-316-premier?_pos=1&_psq=PWD-316+Premier&_psid=d37a61580&_ss=e | https://japanelectronics.pk/products/pel-water-dispenser-pwd-316-premier-white-black?_pos=1&_psq=PWD-316+Premier&_psid=508596825&_ss=e,trusted_secondary | trusted_secondary
4,PWD-3TAB 425,PEL,PWD-3TAB 425,Water Dispenser,UNKNOWN,UNKNOWN,1 Year Official Brand Warranty,UNKNOWN,UNKNOWN,UNKNOWN,UNKNOWN,UNKNOWN,UNKNOWN,source_unreachable,0,UNKNOWN,UNKNOWN
5,PWD-425,PEL,PWD-425,Water Dispenser,PEL PWD-425 Glass Door PWD Water Dispenser,39000.00,1 Year Official Brand Warranty,"Specification:Sgd 115
\nType:Straight Glass Door
\nColour:Red Blaze
\nNet Weight:19 Kg
\nGross Weight (Kg):21 Kg
\nDimensions (Wxdxh):310 X 320 X 1070?Mm
\nVoltage / Frequency:220 / 50 (Volts/Hz)
\nCooling Current:0.6 Amperes
\nHeating Current:2.2 Amperes
\nCooling Power:100 Watt
\nHeating Power:500 Watt
\nCold Tank Capacity:3.7 Liters
\nHot Tank Capacity:1.2 Liters
\nRefrigerant (R134A):40 Grams
\nRefrigerator Volume:18 Liters
\nSpecification:115 Pearl
\nType:Sleek Design
\nColour:White",UNKNOWN,https://cdn.shopify.com/s/files/1/0766/8095/4163/files/PWD-425_900x900_94f11a02-fad5-4b61-aac4-b1ac18aefb49.png?v=1696939813,UNKNOWN,trusted_secondary,https://modernelectronics.pk/products/pel-water-dispenser-pwd-425-flat-glass-door?_pos=1&_psq=PWD-425&_psid=2a50dc0a0&_ss=e,ok,2,https://bismillahelectronics.pk/products/pel-water-dispenser-pwd-425-glass-door?_pos=1&_psq=PWD-425&_psid=929dc3436&_ss=e | https://modernelectronics.pk/products/pel-water-dispenser-pwd-425-flat-glass-door?_pos=1&_psq=PWD-425&_psid=2a50dc0a0&_ss=e,trusted_secondary | trusted_secondary
