ID,Type,SKU,"GTIN, UPC, EAN, or ISBN",Name,Published,Is featured?,Visibility in catalog,Short description,Description,Date sale price starts,Date sale price ends,Tax status,Tax class,In stock?,Stock,Low stock amount,Backorders allowed?,Sold individually?,Weight (kg),Length (cm),Width (cm),Height (cm),Allow customer reviews?,Purchase note,Sale price,Regular price,Categories,Tags,Shipping class,Images,Download limit,Download expiry days,Parent,Grouped products,Upsells,Cross-sells,External URL,Button text,Position,Brands,Meta: _wp_page_template,Meta: woodmart_sguide_select,Meta: woodmart_price_unit_of_measure,Meta: woodmart_total_stock_quantity,Meta: _product_360_image_gallery,Meta: _woodmart_whb_header,Meta: _woodmart_main_layout,Meta: _woodmart_sidebar_width,Meta: _woodmart_custom_sidebar,Meta: _woodmart_new_label,Meta: _woodmart_new_label_date,Meta: _woodmart_swatches_attribute,Meta: _woodmart_related_off,Meta: _woodmart_exclude_show_single_variation,Meta: _woodmart_product_video,Meta: _woodmart_product_hashtag,Meta: _woodmart_single_product_style,Meta: _woodmart_thums_position,Meta: _woodmart_extra_content,Meta: _woodmart_extra_position,Meta: _woodmart_product_design,Meta: _woodmart_product-background,Meta: _woodmart_hide_tabs_titles,Meta: _woodmart_product_custom_tab_title,Meta: _woodmart_product_custom_tab_priority,Meta: _woodmart_product_custom_tab_content_type,Meta: _woodmart_product_custom_tab_content,Meta: _woodmart_product_custom_tab_html_block,Meta: _woodmart_product_custom_tab_title_2,Meta: _woodmart_product_custom_tab_priority_2,Meta: _woodmart_product_custom_tab_content_type_2,Meta: _woodmart_product_custom_tab_content_2,Meta: _woodmart_product_custom_tab_html_block_2,Meta: _woodmart_product_custom_tab_title_3,Meta: _woodmart_product_custom_tab_priority_3,Meta: _woodmart_product_custom_tab_content_type_3,Meta: _woodmart_product_custom_tab_content_3,Meta: _woodmart_product_custom_tab_html_block_3,Meta: _woodmart_product_custom_tab_title_4,Meta: _woodmart_product_custom_tab_priority_4,Meta: _woodmart_product_custom_tab_content_type_4,Meta: _woodmart_product_custom_tab_content_4,Meta: _woodmart_product_custom_tab_html_block_4,Meta: _woodmart_product_custom_tab_title_5,Meta: _woodmart_product_custom_tab_priority_5,Meta: _woodmart_product_custom_tab_content_type_5,Meta: _woodmart_product_custom_tab_content_5,Meta: _woodmart_product_custom_tab_html_block_5,Meta: rank_math_news_sitemap_robots,Meta: rank_math_internal_links_processed,Meta: rank_math_analytic_object_id,Meta: rank_math_seo_score,Meta: _xie_disable_installments,Meta: _xie_plan_1_enabled,Meta: _xie_plan_1_months,Meta: _xie_plan_1_advance,Meta: _xie_plan_1_markup,Meta: _xie_plan_2_enabled,Meta: _xie_plan_2_months,Meta: _xie_plan_2_advance,Meta: _xie_plan_2_markup,Meta: _xie_plan_3_enabled,Meta: _xie_plan_3_months,Meta: _xie_plan_3_advance,Meta: _xie_plan_3_markup,Meta: _xie_plan_4_enabled,Meta: _xie_plan_4_months,Meta: _xie_plan_4_advance,Meta: _xie_plan_4_markup,Meta: rank_math_primary_product_cat,Meta: _xie_show_installments,Meta: _xie_custom_installment_price,Meta: _last_change_time,Meta: _wc_facebook_sync_enabled_v2,Meta: fb_visibility,Meta: fb_product_description,Meta: fb_rich_text_description,Meta: _wc_facebook_product_image_source,Meta: fb_brand,Meta: fb_mpn,Meta: fb_size,Meta: fb_color,Meta: fb_material,Meta: fb_pattern,Meta: fb_age_group,Meta: fb_gender,Meta: fb_product_condition,Meta: rank_math_primary_product_brand,Meta: rank_math_focus_keyword,Meta: rank_math_canonical_url,Meta: rank_math_breadcrumb_title,Meta: _wc_gla_visibility,Meta: _wp_old_date,Meta: _yoast_indexnow_last_ping,Meta: _yoast_wpseo_primary_product_brand,Meta: _yoast_wpseo_primary_product_cat,Meta: _yoast_wpseo_focuskw,Meta: _yoast_wpseo_metadesc,Meta: _yoast_wpseo_linkdex,Meta: _yoast_wpseo_content_score,Meta: _yoast_wpseo_focuskeywords,Meta: _yoast_wpseo_keywordsynonyms,Meta: _yoast_wpseo_estimated-reading-time-minutes,Meta: _bsf_post_type,Meta: _bsf_item_review_type,Meta: _bsf_item_pro_cur,Meta: rank_math_description,Meta: rank_math_pillar_content,Meta: _eael_post_view_count,Meta: rank_math_facebook_enable_image_overlay,Meta: rank_math_facebook_image,Meta: rank_math_facebook_image_id,Meta: rank_math_facebook_title,Meta: rank_math_title,Meta: _wp_desired_post_slug,Meta: _oembed_7ced0f81794701d17b9a856f2527c12a,Meta: _wp_trash_meta_status,Meta: _wp_trash_meta_time
22315,simple,KRF-26657,,Kenwood 18 Cu Ft Inverter Refrigerator Glass Door (KRF-Invertech-26657/480-L GD MRG),-1,0,visible,"<p data-path-to-node=""10"">Upgrade your kitchen with the Kenwood 18 Cu Ft (480-Liter) Inverter Refrigerator. Featuring a stunning Maroon Glass Door (GD MRG) finish, this high-capacity fridge is powered by an advanced SECOP Inverter compressor, delivering up to 60% energy savings. Designed for Pakistani power grids, it operates safely with a 110V low-voltage startup and features 100% copper wiring for maximum durability. Complete with an internal UV light to keep your food bacteria-free, it is backed by a massive 12-Year Compressor Warranty.</p>","<h2>Premium Aesthetics &amp; Unmatched Efficiency</h2>
\n<p>Make a bold statement in your kitchen with the <strong>Kenwood KRF-Invertech-26657 Glass Door Refrigerator</strong>. Boasting an elegant Maroon Glass (MRG) finish, this 18 Cubic Foot (480-Liter) powerhouse combines luxurious design with cutting-edge cooling technology. At its core is the highly reliable SECOP Inverter compressor, which dynamically adjusts its cooling output to provide up to 60% energy savings, slashing your monthly electricity bills without compromising on performance.</p>
\n
\n<h2>Built for Maximum Freshness &amp; Durability</h2>
\n<p>Keep your groceries fresher for longer. This model is equipped with a specialized internal UV Light that actively eliminates bacteria, ensuring a healthier storage environment for your family. Built specifically for local electrical conditions, it features 100% pure copper wiring and a 110V low-voltage startup, meaning your refrigerator will continue to run safely and efficiently even during severe power drops—no external stabilizer required. Furthermore, the use of eco-friendly R600A refrigerant ensures rapid, highly efficient cooling.</p>
\n
\n<h3>Key Features</h3>
\n<ul>
\n  <li><strong>18 Cu Ft / 480-Liter Capacity:</strong> Massive storage space ideal for large families and bulk grocery shopping.</li>
\n  <li><strong>SECOP Inverter Compressor:</strong> World-class inverter technology delivering up to 60% in energy savings.</li>
\n  <li><strong>Maroon Glass Door (GD MRG):</strong> A sleek, scratch-resistant, premium glass finish that elevates your kitchen decor.</li>
\n  <li><strong>110V Low Voltage Startup:</strong> Runs flawlessly during voltage fluctuations, protecting the compressor from damage.</li>
\n  <li><strong>UV Light Protection:</strong> Built-in UV technology keeps the internal environment hygienic and bacteria-free.</li>
\n  <li><strong>100% Copper Wiring:</strong> Superior build quality ensures faster cooling and a significantly longer appliance lifespan.</li>
\n</ul>
\n
\n<h3 style=""margin-top: 30px;border-bottom: 1px solid #ededed;padding-bottom: 10px;margin-bottom: 20px"">FAQs</h3>
\n
\n<div style=""margin-bottom: 20px"">
\n  <strong style=""font-size: 16px;color: #222;font-family: var(--wd-title-font)"">Q1: Do I need a separate voltage stabilizer for this fridge?</strong>
\n  <p style=""margin-top: 5px;margin-bottom: 0""><strong>A:</strong> No, this Kenwood model features a built-in 110V low-voltage startup, meaning it can handle severe power drops safely without a stabilizer.</p>
\n</div>
\n
\n<div style=""margin-bottom: 20px"">
\n  <strong style=""font-size: 16px;color: #222;font-family: var(--wd-title-font)"">Q2: What does the ""GD MRG"" stand for in the model name?</strong>
\n  <p style=""margin-top: 5px;margin-bottom: 0""><strong>A:</strong> ""GD MRG"" stands for Glass Door Maroon Glass, which refers to the premium, scratch-resistant reflective finish on the exterior doors.</p>
\n</div>
\n
\n<div style=""margin-bottom: 20px"">
\n  <strong style=""font-size: 16px;color: #222;font-family: var(--wd-title-font)"">Q3: How much electricity does the inverter save?</strong>
\n  <p style=""margin-top: 5px;margin-bottom: 0""><strong>A:</strong> Thanks to the advanced SECOP inverter compressor, this refrigerator can save up to 60% on energy consumption compared to standard non-inverter models.</p>
\n</div>
\n
\n<div style=""margin-bottom: 20px"">
\n  <strong style=""font-size: 16px;color: #222;font-family: var(--wd-title-font)"">Q4: What is the purpose of the internal UV light?</strong>
\n  <p style=""margin-top: 5px;margin-bottom: 0""><strong>A:</strong> The UV light actively destroys bacteria and germs inside the refrigerator cavity, which significantly extends the freshness and shelf-life of your food.</p>
\n</div>
\n
\n<div style=""margin-bottom: 20px"">
\n  <strong style=""font-size: 16px;color: #222;font-family: var(--wd-title-font)"">Q5: What is the official warranty coverage?</strong>
\n  <p style=""margin-top: 5px;margin-bottom: 0""><strong>A:</strong> Kenwood provides an outstanding 12-Year Official Compressor Warranty for complete peace of mind.</p>
\n</div>",,,none,,1,,,0,0,80,61,66,177.5,1,,,,Home Appliance > Refrigerator,"Energy Efficient Refrigerator, Glass Door Refrigerator, HW, Inverter, Kenwood",,https://kiachahiye.com/wp-content/uploads/2026/07/Website-Post-20.png,,,,,,,,,0,Kenwood,default,none,,,,none,default,default,none,,,,,,,,inherit,inherit,,after,inherit,,,Specification,20,text,"<table class=""shop_attributes"" style=""width: 100%;border-collapse: collapse;margin-bottom: 25px;font-size: 14px"">
<thead>
<tr style=""border-bottom: 1px solid #eaeaea"">
<th style=""text-align: left;padding: 8px 4px;width: 35%;color: #111111;font-family: var(--wd-title-font)"">SPECIFICATION</th>
<th style=""text-align: left;padding: 8px 4px;color: #111111;font-family: var(--wd-title-font)"">DETAILS</th>
</tr>
</thead>
<tbody>
<tr style=""border-bottom: 1px solid #eaeaea"">
<th style=""text-align: left;padding: 8px 4px;color: #555555;font-weight: normal;vertical-align: top"">Brand</th>
<td style=""padding: 8px 4px;color: #555555;vertical-align: top"">Kenwood</td>
</tr>
<tr style=""border-bottom: 1px solid #eaeaea"">
<th style=""text-align: left;padding: 8px 4px;color: #555555;font-weight: normal;vertical-align: top"">Model Number</th>
<td style=""padding: 8px 4px;color: #555555;vertical-align: top"">KRF-26657 / 480-L (GD MRG)</td>
</tr>
<tr style=""border-bottom: 1px solid #eaeaea"">
<th style=""text-align: left;padding: 8px 4px;color: #555555;font-weight: normal;vertical-align: top"">Refrigerator Type</th>
<td style=""padding: 8px 4px;color: #555555;vertical-align: top"">Double Door Top Mount</td>
</tr>
<tr style=""border-bottom: 1px solid #eaeaea"">
<th style=""text-align: left;padding: 8px 4px;color: #555555;font-weight: normal;vertical-align: top"">Capacity</th>
<td style=""padding: 8px 4px;color: #555555;vertical-align: top"">18 Cu Ft (480 Liters)</td>
</tr>
<tr style=""border-bottom: 1px solid #eaeaea"">
<th style=""text-align: left;padding: 8px 4px;color: #555555;font-weight: normal;vertical-align: top"">Exterior Finish</th>
<td style=""padding: 8px 4px;color: #555555;vertical-align: top"">Maroon Glass Door (GD)</td>
</tr>
<tr style=""border-bottom: 1px solid #eaeaea"">
<th style=""text-align: left;padding: 8px 4px;color: #555555;font-weight: normal;vertical-align: top"">Compressor Technology</th>
<td style=""padding: 8px 4px;color: #555555;vertical-align: top"">SECOP Inverter (Up to 60% Savings)</td>
</tr>
<tr style=""border-bottom: 1px solid #eaeaea"">
<th style=""text-align: left;padding: 8px 4px;color: #555555;font-weight: normal;vertical-align: top"">Refrigerant</th>
<td style=""padding: 8px 4px;color: #555555;vertical-align: top"">R600A</td>
</tr>
<tr style=""border-bottom: 1px solid #eaeaea"">
<th style=""text-align: left;padding: 8px 4px;color: #555555;font-weight: normal;vertical-align: top"">Internal Features</th>
<td style=""padding: 8px 4px;color: #555555;vertical-align: top"">UV Light Protection</td>
</tr>
<tr style=""border-bottom: 1px solid #eaeaea"">
<th style=""text-align: left;padding: 8px 4px;color: #555555;font-weight: normal;vertical-align: top"">Condenser Wiring</th>
<td style=""padding: 8px 4px;color: #555555;vertical-align: top"">100% Copper</td>
</tr>
<tr style=""border-bottom: 1px solid #eaeaea"">
<th style=""text-align: left;padding: 8px 4px;color: #555555;font-weight: normal;vertical-align: top"">Low Voltage Startup</th>
<td style=""padding: 8px 4px;color: #555555;vertical-align: top"">110V</td>
</tr>
<tr style=""border-bottom: 1px solid #eaeaea"">
<th style=""text-align: left;padding: 8px 4px;color: #555555;font-weight: normal;vertical-align: top"">Dimensions (W x D x H)</th>
<td style=""padding: 8px 4px;color: #555555;vertical-align: top"">66.0 cm x 61.0 cm x 177.5 cm</td>
</tr>
<tr style=""border-bottom: 1px solid #eaeaea"">
<th style=""text-align: left;padding: 8px 4px;color: #555555;font-weight: normal;vertical-align: top"">Gross Weight</th>
<td style=""padding: 8px 4px;color: #555555;vertical-align: top"">80 kg</td>
</tr>
<tr style=""border-bottom: 1px solid #eaeaea"">
<th style=""text-align: left;padding: 8px 4px;color: #555555;font-weight: bold;vertical-align: top"">Warranty</th>
<td style=""padding: 8px 4px;color: #555555;vertical-align: top;font-weight: bold"">12-Year Compressor Warranty</td>
</tr>
</tbody>
</table>
&nbsp;",,,,text,,,,,text,,,,,text,,,,,text,,,,1,,16,,,,,,,,,,,,,,,,,,,,,,yes,yes,,,product,,,,,,,,,,,,,,,,,,,,,,,,,,,,,,,,,,,,,,,,
22340,simple,HSU-14HFTEX,,"Haier T3 Plus 1.0 Ton Inverter Split AC (Heat &amp; Cool, HSU-14HFTEX/013WDC-DG)",-1,0,visible,"<p data-path-to-node=""10"">Beat the most extreme summer heat with the Haier 1.0 Ton T3 Plus Inverter AC (HSU-14HFTEX). Finished in a premium Dark Grey (DG), this Heat &amp; Cool split AC is powered by an ultra-durable T3 compressor that guarantees stable operation up to 70°C and full cooling capacity at 53°C. It features Smart Wi-Fi control, self-cleaning technology, 4D airflow, and eco-friendly R32 refrigerant. Enjoy ultimate peace of mind with Haier's comprehensive 10-Year Compressor, 5-Year PCB, and 5-Year Parts Warranty.</p>
\n
\n<h3 data-path-to-node=""12""></h3>","<h2>Extreme Cooling Powered by T3 Plus Inverter</h2>
\n<p>Never worry about your AC tripping during peak summer again. The <strong>Haier HSU-14HFTEX T3 Plus Inverter AC</strong> is engineered specifically for extreme climates. Equipped with an advanced heavy-duty T3 compressor, this 1.0 Ton (14,500 BTU) unit provides incredibly stable cooling operation even when outside temperatures hit 70°C, and delivers 100% full BTU output at 53°C. Wrapped in a sleek Dark Grey (DG) finish with a hidden LED display, it seamlessly elevates the modern aesthetics of your room.</p>
\n
\n<h2>Smart Features &amp; All-Season Comfort</h2>
\n<p>Take complete control of your climate year-round with built-in Heat and Cool functionality. The integrated Smart Wi-Fi allows you to control temperatures, monitor energy usage, and schedule cooling directly from your smartphone. Maintenance is hassle-free thanks to the automated Self-Clean technology and anti-corrosion coating that protects the condenser from rust. Combining these features with the highly efficient and eco-friendly R32 refrigerant ensures your room cools faster while saving massive amounts of energy.</p>
\n
\n<h3>Key Features</h3>
\n<ul>
\n  <li><strong>1.0 Ton / 14,500 BTU:</strong> Powerful enough to quickly cool standard-sized bedrooms and office spaces.</li>
\n  <li><strong>T3 Plus Compressor:</strong> Unmatched durability offering stable operation up to 70°C and full cooling at 53°C.</li>
\n  <li><strong>Smart Wi-Fi Control:</strong> Manage your AC remotely using your smartphone from anywhere in the world.</li>
\n  <li><strong>Heat &amp; Cool Functionality:</strong> Dual-purpose climate control for blistering summers and freezing winters.</li>
\n  <li><strong>Self-Clean Technology:</strong> Automatically washes away dust and dries internal moisture to prevent mold and odors.</li>
\n  <li><strong>Comprehensive Warranty:</strong> Backed by a massive 10-Year Compressor, 5-Year PCB, and 5-Year Parts Warranty.</li>
\n</ul>
\n
\n<h3 style=""margin-top: 30px;border-bottom: 1px solid #ededed;padding-bottom: 10px;margin-bottom: 20px"">FAQs</h3>
\n
\n<div style=""margin-bottom: 20px"">
\n  <strong style=""font-size: 16px;color: #222;font-family: var(--wd-title-font)"">Q1: Will this AC trip in extreme summer heat?</strong>
\n  <p style=""margin-top: 5px;margin-bottom: 0""><strong>A:</strong> No, the T3 Plus compressor is specifically designed for extreme climates and guarantees stable, uninterrupted operation even at 70°C.</p>
\n</div>
\n
\n<div style=""margin-bottom: 20px"">
\n  <strong style=""font-size: 16px;color: #222;font-family: var(--wd-title-font)"">Q2: Can I use this AC during the winter?</strong>
\n  <p style=""margin-top: 5px;margin-bottom: 0""><strong>A:</strong> Yes, this model features built-in Heat &amp; Cool functionality, making it a complete year-round climate solution for your room.</p>
\n</div>
\n
\n<div style=""margin-bottom: 20px"">
\n  <strong style=""font-size: 16px;color: #222;font-family: var(--wd-title-font)"">Q3: Can I control the AC with my mobile phone?</strong>
\n  <p style=""margin-top: 5px;margin-bottom: 0""><strong>A:</strong> Absolutely. It comes with built-in Wi-Fi connectivity, allowing you to control the settings and monitor performance remotely via the Haier smart app.</p>
\n</div>
\n
\n<div style=""margin-bottom: 20px"">
\n  <strong style=""font-size: 16px;color: #222;font-family: var(--wd-title-font)"">Q4: Does it require professional cleaning frequently?</strong>
\n  <p style=""margin-top: 5px;margin-bottom: 0""><strong>A:</strong> Thanks to the automated Self-Clean technology, the indoor unit can flush out dust and moisture on its own, significantly reducing the need for manual service calls.</p>
\n</div>
\n
\n<div style=""margin-bottom: 20px"">
\n  <strong style=""font-size: 16px;color: #222;font-family: var(--wd-title-font)"">Q5: What is the official warranty coverage?</strong>
\n  <p style=""margin-top: 5px;margin-bottom: 0""><strong>A:</strong> Haier provides an exceptional 10-Year Compressor Warranty, 5-Year PCB Warranty, and a 5-Year Parts Warranty for complete peace of mind.</p>
\n</div>",,,none,,1,,,0,0,45.1,95.2,40.5,62.5,1,,133999,142000,Home Appliance > Air conditioner,"Air conditioner, Air conditioner DC, Haier, HW",,"https://kiachahiye.com/wp-content/uploads/2026/07/Website-Post-28.png, https://kiachahiye.com/wp-content/uploads/2026/07/W020260403680045865207_1200.png",,,,,,,,,0,HAIER,default,none,,,,none,default,default,none,,,,,,,,inherit,inherit,,after,inherit,,,Specification,,text,"<table class=""shop_attributes"" style=""width: 100%;border-collapse: collapse;margin-bottom: 25px;font-size: 14px"">
  <thead>
    <tr style=""border-bottom: 1px solid #eaeaea"">
      <th style=""text-align: left;padding: 8px 4px;width: 35%;color: #111111;font-family: var(--wd-title-font)"">SPECIFICATION</th>
      <th style=""text-align: left;padding: 8px 4px;color: #111111;font-family: var(--wd-title-font)"">DETAILS</th>
    </tr>
  </thead>
  <tbody>
    <tr style=""border-bottom: 1px solid #eaeaea"">
      <th style=""text-align: left;padding: 8px 4px;color: #555555;font-weight: normal;vertical-align: top"">Brand</th>
      <td style=""padding: 8px 4px;color: #555555;vertical-align: top"">Haier</td>
    </tr>
    <tr style=""border-bottom: 1px solid #eaeaea"">
      <th style=""text-align: left;padding: 8px 4px;color: #555555;font-weight: normal;vertical-align: top"">Model Number</th>
      <td style=""padding: 8px 4px;color: #555555;vertical-align: top"">HSU-14HFTEX/013WDC (Dark Grey)</td>
    </tr>
    <tr style=""border-bottom: 1px solid #eaeaea"">
      <th style=""text-align: left;padding: 8px 4px;color: #555555;font-weight: normal;vertical-align: top"">AC Type</th>
      <td style=""padding: 8px 4px;color: #555555;vertical-align: top"">DC Inverter Split AC</td>
    </tr>
    <tr style=""border-bottom: 1px solid #eaeaea"">
      <th style=""text-align: left;padding: 8px 4px;color: #555555;font-weight: normal;vertical-align: top"">Capacity</th>
      <td style=""padding: 8px 4px;color: #555555;vertical-align: top"">1.0 Ton (14,500 BTU)</td>
    </tr>
    <tr style=""border-bottom: 1px solid #eaeaea"">
      <th style=""text-align: left;padding: 8px 4px;color: #555555;font-weight: normal;vertical-align: top"">Functions</th>
      <td style=""padding: 8px 4px;color: #555555;vertical-align: top"">Heat &amp; Cool</td>
    </tr>
    <tr style=""border-bottom: 1px solid #eaeaea"">
      <th style=""text-align: left;padding: 8px 4px;color: #555555;font-weight: normal;vertical-align: top"">Compressor Technology</th>
      <td style=""padding: 8px 4px;color: #555555;vertical-align: top"">T3 Plus Inverter (70°C Stable Operation)</td>
    </tr>
    <tr style=""border-bottom: 1px solid #eaeaea"">
      <th style=""text-align: left;padding: 8px 4px;color: #555555;font-weight: normal;vertical-align: top"">Smart Features</th>
      <td style=""padding: 8px 4px;color: #555555;vertical-align: top"">Wi-Fi Connectivity, Self-Clean</td>
    </tr>
    <tr style=""border-bottom: 1px solid #eaeaea"">
      <th style=""text-align: left;padding: 8px 4px;color: #555555;font-weight: normal;vertical-align: top"">Display</th>
      <td style=""padding: 8px 4px;color: #555555;vertical-align: top"">Hidden LED</td>
    </tr>
    <tr style=""border-bottom: 1px solid #eaeaea"">
      <th style=""text-align: left;padding: 8px 4px;color: #555555;font-weight: normal;vertical-align: top"">Refrigerant</th>
      <td style=""padding: 8px 4px;color: #555555;vertical-align: top"">R-32</td>
    </tr>
    <tr style=""border-bottom: 1px solid #eaeaea"">
      <th style=""text-align: left;padding: 8px 4px;color: #555555;font-weight: normal;vertical-align: top"">Indoor Gross Dimensions</th>
      <td style=""padding: 8px 4px;color: #555555;vertical-align: top"">95.2 cm x 38.9 cm x 28.3 cm (L x W x H)</td>
    </tr>
    <tr style=""border-bottom: 1px solid #eaeaea"">
      <th style=""text-align: left;padding: 8px 4px;color: #555555;font-weight: normal;vertical-align: top"">Outdoor Gross Dimensions</th>
      <td style=""padding: 8px 4px;color: #555555;vertical-align: top"">90.8 cm x 40.5 cm x 62.5 cm (L x W x H)</td>
    </tr>
    <tr style=""border-bottom: 1px solid #eaeaea"">
      <th style=""text-align: left;padding: 8px 4px;color: #555555;font-weight: normal;vertical-align: top"">Total Gross Weight</th>
      <td style=""padding: 8px 4px;color: #555555;vertical-align: top"">45.1 kg (Combined)</td>
    </tr>
    <tr style=""border-bottom: 1px solid #eaeaea"">
      <th style=""text-align: left;padding: 8px 4px;color: #555555;font-weight: bold;vertical-align: top"">Warranty</th>
      <td style=""padding: 8px 4px;color: #555555;vertical-align: top;font-weight: bold"">10-Year Compressor, 5-Year PCB, 5-Year Parts</td>
    </tr>
  </tbody>
</table>",,,,text,,,,,text,,,,,text,,,,,text,,,,1,,16,,,,,,,,,,,,,,,,,,,,,,yes,yes,,,product,,,,,,,,,,,,,,,,,,,,,,,,,,,,,,,,,,,,,,,,
22349,simple,9178 LF,,"Dawlance 14 Cu Ft Refrigerator (9178 LF E-Chrome, Hairline Golden)",-1,0,visible,"<p data-path-to-node=""10"">Enhance your kitchen with the Dawlance 9178 LF E-Chrome Refrigerator. Finished in a stunning Hairline Golden exterior, this 14 Cubic Foot double-door fridge is the perfect fit for medium-sized families. It features an optimized Direct Cool system that delivers up to 35% energy savings, keeping your electricity bills in check. Complete with an elegant Asean Flush Chrome Handle, heavy-duty wire shelves, and an anti-bacterial gasket, it ensures your food stays fresh and hygienic. Backed by a 12-Year Compressor and 4-Year Parts Warranty.</p>
\n
\n<h3 data-path-to-node=""12""></h3>","<h2>Elegant Design &amp; Efficient Cooling</h2>
\n<p>Elevate the aesthetic of your kitchen with the <strong>Dawlance 9178 LF E-Chrome Refrigerator</strong>. Finished in a premium Hairline Golden exterior, this 14 Cubic Foot double-door refrigerator effortlessly blends modern style with everyday functionality. It is equipped with a sleek Asean Flush Chrome Handle that enhances its luxurious look while providing ample internal storage space optimized for families of 6 to 7 members.</p>
\n
\n<h2>35% Energy Savings &amp; Lasting Freshness</h2>
\n<p>Keep your groceries perfectly chilled without the burden of high electricity bills. The Dawlance 9178 LF utilizes an advanced Direct Cool system that delivers rapid cooling and up to 35% energy savings compared to conventional models. Built to meet the demands of local environments, it features heavy-duty wire shelves capable of holding large pots securely, and an anti-bacterial gasket that actively prevents mold and bacteria growth, ensuring your food remains safe and hygienic.</p>
\n
\n<h3>Key Features</h3>
\n<ul>
\n  <li><strong>14 Cu Ft Capacity:</strong> Spacious medium-sized interior perfectly suited for standard families.</li>
\n  <li><strong>Hairline Golden Finish:</strong> A luxurious and highly durable exterior that acts as the centerpiece of your kitchen.</li>
\n  <li><strong>35% Energy Savings:</strong> Highly optimized Direct Cool technology that minimizes your monthly power consumption.</li>
\n  <li><strong>E-Chrome Series:</strong> Features an elegant, easy-to-grip Asean Flush Chrome handle.</li>
\n  <li><strong>Anti-Bacterial Gasket:</strong> Built-in protection that keeps the internal environment hygienic and extends food shelf-life.</li>
\n  <li><strong>Heavy-Duty Shelves:</strong> Rugged wire shelving designed to support heavy dishes and bulk groceries without bending.</li>
\n</ul>
\n
\n<h3 style=""margin-top: 30px;border-bottom: 1px solid #ededed;padding-bottom: 10px;margin-bottom: 20px"">FAQs</h3>
\n
\n<div style=""margin-bottom: 20px"">
\n  <strong style=""font-size: 16px;color: #222;font-family: var(--wd-title-font)"">Q1: Is this an inverter refrigerator?</strong>
\n  <p style=""margin-top: 5px;margin-bottom: 0""><strong>A:</strong> No, this is a highly optimized non-inverter Direct Cool model that still impressively delivers up to 35% energy savings.</p>
\n</div>
\n
\n<div style=""margin-bottom: 20px"">
\n  <strong style=""font-size: 16px;color: #222;font-family: var(--wd-title-font)"">Q2: What is the storage capacity?</strong>
\n  <p style=""margin-top: 5px;margin-bottom: 0""><strong>A:</strong> It features a 14 Cubic Foot capacity, which provides excellent daily storage for a family of 6 to 7 members.</p>
\n</div>
\n
\n<div style=""margin-bottom: 20px"">
\n  <strong style=""font-size: 16px;color: #222;font-family: var(--wd-title-font)"">Q3: Does the door have a handle?</strong>
\n  <p style=""margin-top: 5px;margin-bottom: 0""><strong>A:</strong> Yes, it belongs to the E-Chrome series and features a sleek Asean Flush Chrome handle integrated into the door.</p>
\n</div>
\n
\n<div style=""margin-bottom: 20px"">
\n  <strong style=""font-size: 16px;color: #222;font-family: var(--wd-title-font)"">Q4: Can the shelves hold heavy items?</strong>
\n  <p style=""margin-top: 5px;margin-bottom: 0""><strong>A:</strong> Absolutely. It is equipped with heavy-duty wire shelves specifically designed to securely hold large pots and heavy items without bending.</p>
\n</div>
\n
\n<div style=""margin-bottom: 20px"">
\n  <strong style=""font-size: 16px;color: #222;font-family: var(--wd-title-font)"">Q5: What is the official warranty coverage?</strong>
\n  <p style=""margin-top: 5px;margin-bottom: 0""><strong>A:</strong> Dawlance backs this model with complete peace of mind, offering a 12-Year Compressor Warranty and a 4-Year Parts &amp; Service Warranty.</p>
\n</div>",,,none,,1,,,0,0,58,66,65,170,1,,86200,90200,Home Appliance > Refrigerator,"Dawlance, Double Door Refrigerator, HW",,https://kiachahiye.com/wp-content/uploads/2026/07/Website-Post-32.png,,,,,,,,,0,DAWLANCE,default,none,,,,none,default,default,none,,,,,,,,inherit,inherit,,after,inherit,,,Specification,20,text,"<table class=""shop_attributes"" style=""width: 100%;border-collapse: collapse;margin-bottom: 25px;font-size: 14px"">
  <thead>
    <tr style=""border-bottom: 1px solid #eaeaea"">
      <th style=""text-align: left;padding: 8px 4px;width: 35%;color: #111111;font-family: var(--wd-title-font)"">SPECIFICATION</th>
      <th style=""text-align: left;padding: 8px 4px;color: #111111;font-family: var(--wd-title-font)"">DETAILS</th>
    </tr>
  </thead>
  <tbody>
    <tr style=""border-bottom: 1px solid #eaeaea"">
      <th style=""text-align: left;padding: 8px 4px;color: #555555;font-weight: normal;vertical-align: top"">Brand</th>
      <td style=""padding: 8px 4px;color: #555555;vertical-align: top"">Dawlance</td>
    </tr>
    <tr style=""border-bottom: 1px solid #eaeaea"">
      <th style=""text-align: left;padding: 8px 4px;color: #555555;font-weight: normal;vertical-align: top"">Model Number</th>
      <td style=""padding: 8px 4px;color: #555555;vertical-align: top"">9178 LF E-Chrome</td>
    </tr>
    <tr style=""border-bottom: 1px solid #eaeaea"">
      <th style=""text-align: left;padding: 8px 4px;color: #555555;font-weight: normal;vertical-align: top"">Refrigerator Type</th>
      <td style=""padding: 8px 4px;color: #555555;vertical-align: top"">Double Door Top Mount</td>
    </tr>
    <tr style=""border-bottom: 1px solid #eaeaea"">
      <th style=""text-align: left;padding: 8px 4px;color: #555555;font-weight: normal;vertical-align: top"">Capacity</th>
      <td style=""padding: 8px 4px;color: #555555;vertical-align: top"">14 Cu Ft (Medium Family)</td>
    </tr>
    <tr style=""border-bottom: 1px solid #eaeaea"">
      <th style=""text-align: left;padding: 8px 4px;color: #555555;font-weight: normal;vertical-align: top"">Exterior Finish</th>
      <td style=""padding: 8px 4px;color: #555555;vertical-align: top"">Hairline Golden</td>
    </tr>
    <tr style=""border-bottom: 1px solid #eaeaea"">
      <th style=""text-align: left;padding: 8px 4px;color: #555555;font-weight: normal;vertical-align: top"">Cooling System</th>
      <td style=""padding: 8px 4px;color: #555555;vertical-align: top"">Direct Cool</td>
    </tr>
    <tr style=""border-bottom: 1px solid #eaeaea"">
      <th style=""text-align: left;padding: 8px 4px;color: #555555;font-weight: normal;vertical-align: top"">Energy Savings</th>
      <td style=""padding: 8px 4px;color: #555555;vertical-align: top"">Up to 35% Energy Saving</td>
    </tr>
    <tr style=""border-bottom: 1px solid #eaeaea"">
      <th style=""text-align: left;padding: 8px 4px;color: #555555;font-weight: normal;vertical-align: top"">Handle Design</th>
      <td style=""padding: 8px 4px;color: #555555;vertical-align: top"">Asean Flush Handle (Chrome)</td>
    </tr>
    <tr style=""border-bottom: 1px solid #eaeaea"">
      <th style=""text-align: left;padding: 8px 4px;color: #555555;font-weight: normal;vertical-align: top"">Hygiene Features</th>
      <td style=""padding: 8px 4px;color: #555555;vertical-align: top"">Anti-Bacterial Gasket</td>
    </tr>
    <tr style=""border-bottom: 1px solid #eaeaea"">
      <th style=""text-align: left;padding: 8px 4px;color: #555555;font-weight: normal;vertical-align: top"">Shelf Material</th>
      <td style=""padding: 8px 4px;color: #555555;vertical-align: top"">Heavy Duty Wire Shelves</td>
    </tr>
    <tr style=""border-bottom: 1px solid #eaeaea"">
      <th style=""text-align: left;padding: 8px 4px;color: #555555;font-weight: normal;vertical-align: top"">Net Dimensions (W x D x H)</th>
      <td style=""padding: 8px 4px;color: #555555;vertical-align: top"">60.0 cm x 60.7 cm x 163.0 cm</td>
    </tr>
    <tr style=""border-bottom: 1px solid #eaeaea"">
      <th style=""text-align: left;padding: 8px 4px;color: #555555;font-weight: bold;vertical-align: top"">Warranty</th>
      <td style=""padding: 8px 4px;color: #555555;vertical-align: top;font-weight: bold"">12-Year Compressor, 4-Year Parts</td>
    </tr>
  </tbody>
</table>",,,,text,,,,,text,,,,,text,,,,,text,,,,1,,16,,,,,,,,,,,,,,,,,,,,,,yes,yes,,,product,,,,,,,,,,,,,,,2026-07-16,,,,,,,,,,,,,,,,,,,,,,,,,